<keymap version="1" name="Mac OS X copy" parent="Mac OS X">
  <action id="AddToFavoritesPopup" />
  <action id="CopyElement" />
  <action id="Debug">
    <keyboard-shortcut first-keystroke="alt f5" />
  </action>
  <action id="ExpressionTypeInfo" />
  <action id="FindInPath">
    <keyboard-shortcut first-keystroke="shift ctrl f" />
    <keyboard-shortcut first-keystroke="shift meta f" />
  </action>
  <action id="ForceStepInto">
    <keyboard-shortcut first-keystroke="alt f11" />
  </action>
  <action id="Pause">
    <keyboard-shortcut first-keystroke="shift ctrl p" />
  </action>
  <action id="QuickEvaluateExpression">
    <mouse-shortcut keystroke="alt button1" />
    <keyboard-shortcut first-keystroke="shift f9" />
  </action>
  <action id="Refresh" />
  <action id="Rerun" />
  <action id="Resume">
    <keyboard-shortcut first-keystroke="f5" />
  </action>
  <action id="Run">
    <keyboard-shortcut first-keystroke="ctrl f5" />
  </action>
  <action id="RunToCursor">
    <keyboard-shortcut first-keystroke="ctrl f10" />
  </action>
  <action id="ShowBookmarks">
    <keyboard-shortcut first-keystroke="alt f2" />
  </action>
  <action id="ShowKotlinExpressionType" />
  <action id="StepInto">
    <keyboard-shortcut first-keystroke="f11" />
  </action>
  <action id="StepOut">
    <keyboard-shortcut first-keystroke="shift f11" />
  </action>
  <action id="StepOver">
    <keyboard-shortcut first-keystroke="f10" />
  </action>
  <action id="Stop">
    <keyboard-shortcut first-keystroke="shift f5" />
  </action>
  <action id="SwitchApply">
    <keyboard-shortcut first-keystroke="ctrl alt enter" />
  </action>
  <action id="SwitchDown">
    <keyboard-shortcut first-keystroke="ctrl alt down" />
  </action>
  <action id="SwitchLeft">
    <keyboard-shortcut first-keystroke="ctrl alt left" />
  </action>
  <action id="SwitchRight">
    <keyboard-shortcut first-keystroke="ctrl alt right" />
  </action>
  <action id="SwitchUp">
    <keyboard-shortcut first-keystroke="ctrl alt up" />
  </action>
  <action id="ToggleBookmark">
    <keyboard-shortcut first-keystroke="ctrl f2" />
  </action>
  <action id="ToggleLineBreakpoint">
    <keyboard-shortcut first-keystroke="f9" />
  </action>
  <action id="Tool_External Tools_clang-format-file">
    <keyboard-shortcut first-keystroke="shift alt f" />
  </action>
  <action id="UsageView.Rerun" />
  <action id="ViewBreakpoints">
    <keyboard-shortcut first-keystroke="alt f9" />
  </action>
  <action id="android.deploy.ApplyChanges">
    <keyboard-shortcut first-keystroke="ctrl meta r" />
  </action>
  <action id="android.deploy.CodeSwap">
    <keyboard-shortcut first-keystroke="shift ctrl meta r" />
  </action>
</keymap>