<application>
  <component name="FindSettings">
    <option name="customScope" value="All Places" />
    <option name="defaultScopeName" value="All Places" />
    <option name="SEARCH_SCOPE" value="All Places" />
    <mask>*.properties</mask>
    <mask>*.html</mask>
    <mask>*.jsp</mask>
    <mask>*.xml</mask>
    <mask>*.as</mask>
    <mask>*.css</mask>
    <mask>*.mxml</mask>
    <mask>*.mmdata</mask>
    <mask>*.h</mask>
    <mask>*.kt</mask>
    <mask>*.event</mask>
    <mask>*.cc</mask>
    <mask>*.gradle</mask>
    <mask>*.js</mask>
    <mask>*.java</mask>
  </component>
</application>