<application>
  <component name="NotificationConfiguration">
    <notification groupId="Android Gradle Upgrade Notification" displayType="NONE" />
    <notification groupId="Build sync orphan modules" displayType="NONE" shouldLog="false" />
    <notification groupId="Gradle Notification Group" displayType="NONE" shouldLog="false" />
    <notification groupId="IDE and Plugin Updates" displayType="STICKY_BALLOON" shouldLog="false" />
    <notification groupId="JDK Location different to JAVA_HOME" displayType="NONE" shouldLog="false" />
    <notification groupId="Vcs Important Messages" displayType="NONE" />
  </component>
</application>